{"schemaVersion":"1.0","appDefinitionTemplate":{"id":"/providers/Microsoft.PowerApps/apps/","type":"Microsoft.PowerApps/apps","tags":{"primaryDeviceWidth":"640","primaryDeviceHeight":"1136","supportsPortrait":"true","supportsLandscape":"true","primaryFormFactor":"Phone","showStatusBar":"false","publisherVersion":"3.24081.10","minimumRequiredApiVersion":"2.2.0","hasComponent":"false","hasUnlockedComponent":"false","isUnifiedRootApp":"false","sienaVersion":"20240820T020217Z-3.24081.10.0"},"properties":{"appVersion":"2024-08-20T02:02:17Z","lifeCycleId":"Published","createdByClientVersion":{"major":3,"minor":24081,"build":10,"revision":0,"majorRevision":0,"minorRevision":0},"minClientVersion":{"major":3,"minor":24081,"build":10,"revision":0,"majorRevision":0,"minorRevision":0},"backgroundColor":"RGBA(0,176,240,1)","backgroundImageUri":"/8865167394845482837/Na2ff5368-0131-4b20-b1ff-a061706e5f68-logoSmallFile","displayName":"Family Movie Night Tracker App","description":"","commitMessage":"","appUris":{"documentUri":{"value":"/8865167394845482837/Nc8670465-642d-4c1f-99d5-906bc6b44ce9-document.msapp"},"imageUris":[],"additionalUris":[{"isSolutionAware":false,"value":"/8865167394845482837/N4462954f-6fd3-427b-b450-c52625cf2679-identity.json"}]},"createdTime":"0001-01-01T00:00:00Z","lastModifiedTime":"0001-01-01T00:00:00Z","sharedGroupsCount":0,"sharedUsersCount":0,"connectionReferences":{"500372d0-94d1-4cfa-8586-aadbbffe80fb":{"id":"d1c50fb5-c919-4253-97c6-0b47bc9b55b7","displayName":"SharePoint","iconUri":"https://connectoricons-prod.azureedge.net/u/jayawan/releases/v1.0.1697/1.0.1697.3786/sharepointonline/icon.png","dataSources":["Family Movie night"],"dependencies":[],"dependents":[],"parameterHints":{},"parameterHintsV2":{},"isOnPremiseConnection":false,"bypassConsent":false,"dataSets":{"https://1223455.sharepoint.com/sites/SaldivarFamily":{"dataSources":{"Family Movie night":{"tableName":"7579e100-3d27-4d12-bc47-e7ef615b90b3"}}}},"apiTier":"Standard","isCustomApiConnection":false,"actions":["providers/PowerPlatform.Governance/Operations/Read","providers/PowerPlatform.Governance/Operations/Write","providers/PowerPlatform.Governance/Operations/Delete"]},"b372cdc0-dcec-499d-bc08-593a4b869080":{"id":"7256b3ea-1464-483c-b4a5-2528d4990027","displayName":"OMDb API Connector","iconUri":"https://az787822.vo.msecnd.net/defaulticons/api-dedicated.png","dataSources":["OMDbAPIConnector"],"dependencies":[],"dependents":[],"parameterHints":{},"parameterHintsV2":{},"isOnPremiseConnection":false,"bypassConsent":false,"dataSets":{},"apiTier":"Standard","isCustomApiConnection":true,"actions":["GetMovieDetails"]}},"databaseReferences":{},"almMode":"Environment","performanceOptimizationEnabled":true,"canConsumeAppPass":true,"enableModernRuntimeMode":false,"executionRestrictions":{"isTeamsOnly":false,"dataLossPreventionEvaluationResult":{"status":"Compliant","lastEvaluationDate":"2024-08-09T05:19:25.2998457Z","violations":[],"violationsByPolicy":[],"violationErrorMessage":"The app uses the following connectors: shared_sharepointonline."}}},"appType":"ClassicCanvasApp","appComponents":[]}}